{
    "accu_test": 0.9975845410628019,
    "time": 194.89799213409424
}